csc101	3-1-0
csc121	3-0-1
csc122	3-1-0
csc123	3-1-0
csc200	nonstandard
csc202	3-1-0
csc203	3-1-0
csc225	3-1-0
csc231	0-0-2
csc232	2-0-1
csc234	3-0-0
csc348	4-0-0
csc290	various
csc300	3-1-0
csc304	4-0-0
csc305	3-1-0
csc307	3-1-0
csc308	3-1-0
csc309	3-1-0
csc312	3-1-0
csc313	3-1-0
csc314	3-1-0
csc320	3-1-0
csc321	3-1-0
csc323	3-1-0
csc325	3-1-0
csc344	3-1-0
csc349	3-1-0
csc350	1-1-0
csc357	3-1-0
csc364	3-1-0
csc365	3-1-0
csc366	3-1-0
csc369	3-1-0
csc371	3-1-0
csc377	3-1-0
csc378	3-1-0
csc400	nonstandard
csc402	3-1-0
csc405	3-1-0
csc406	3-1-0
csc409	3-1-0
csc410	3-1-0
csc421	3-1-0
csc422	3-1-0
csc424	3-1-0
csc425	3-1-0
csc429	3-1-0
csc430	3-1-0
csc431	3-1-0
csc436	3-1-0
csc437	3-1-0
csc445	4-0-0
csc448	3-1-0
csc450	0-0-2
csc453	3-1-0
csc454	3-1-0
csc458	3-1-0
csc466	3-1-0
csc468	3-1-0
csc469	3-1-0
csc471	3-1-0
csc473	3-1-0
csc474	3-1-0
csc476	3-1-0
csc477	3-1-0
csc478	3-1-0
csc480	3-1-0
csc481	3-1-0
csc482	3-1-0
csc484	3-1-0
csc486	3-1-0
csc487	3-1-0
csc490	3-1-0
csc491	nonstandard
csc492	nonstandard
csc493	nonstandard
csc494	nonstandard
csc495	nonstandard
csc496	various
csc497	nonstandard
csc498	nonstandard
csc500	nonstandard
csc508	4-0-0
csc509	4-0-0
csc513	4-0-0
cpe515	3-1-0
csc521	3-1-0
csc522	3-1-0
csc524	3-1-0
csc530	4-0-0
csc540	4-0-0
csc549	4-0-0
csc550	4-0-0
csc560	4-0-0
csc564	3-1-0
csc566	4-0-0
csc569	3-1-0
csc570	4-0-0
csc572	3-1-0
csc580	3-1-0
csc581	3-1-0
csc582	3-1-0
csc587	4-0-0
csc590	1-0-0
csc593	nonstandard
csc594	nonstandard
csc595	nonstandard
csc596	nonstandard
csc597	nonstandard
csc599	nonstandard
cpe100	1-0-0
cpe133	3-1-0
cpe200	nonstandard
cpe225	3-1-0
cpe233	3-1-0
cpe290	various
cpe315	3-1-0
cpe316	3-1-0
cpe321	3-1-0
cpe327	3-0-0
cpe328	3-0-0
cpe329	3-1-0
cpe333	3-1-0
cpe336	3-1-0
cpe350	3-1-0
cpe357	3-1-0
cpe367	0-1-0
cpe368	0-1-0
cpe400	nonstandard
cpe414	3-1-0
cpe416	3-1-0
cpe419	3-1-0
cpe426	3-1-0
cpe428	3-1-0
cpe432	3-0-0
cpe439	3-1-0
cpe441	3-1-0
cpe442	3-1-0
cpe446	3-1-0
cpe447	3-1-0
cpe450	1-2-0
cpe461	nonstandard
cpe462	nonstandard
cpe464	3-1-0
cpe465	3-1-0
cpe469	3-1-0
cpe470	various
cpe472	0-1-0
cpe479	various
cpe488	3-1-0
cpe493	nonstandard
cpe494	nonstandard
cpe495	nonstandard
cpe521	3-1-0
cpe522	3-1-0
cpe523	3-1-0
cpe532	0-1-0
cpe541	3-1-0
cpe542	3-1-0
cpe569	3-1-0
ee111	1-0-0
ee112	2-0-0
ee113	3-0-0
ee115	3-0-0
ee143	0-1-0
ee145	0-1-0
ee151	0-1-0
ee200	nonstandard
ee201	3-0-0
ee211	3-0-0
ee212	3-0-0
ee215	3-0-0
ee228	4-0-0
ee241	0-1-0
ee242	0-1-0
ee245	0-1-0
ee251	0-1-0
ee255	3-0-0
ee261	0-1-0
ee262	0-1-0
ee270	various
ee271	various
ee295	0-1-0
ee302	3-0-0
ee306	3-0-0
ee307	3-0-0
ee308	3-0-0
ee314	3-0-0
ee315	3-1-0
ee321	3-0-0
ee322	3-1-0
ee335	4-0-0
ee342	0-1-0
ee346	0-1-0
ee347	0-1-0
ee348	0-1-0
ee361	0-1-0
ee375	0-1-0
ee400	nonstandard
ee402	4-0-0
ee403	3-0-0
ee405	3-0-0
ee406	4-0-0
ee407	4-0-0
ee409	3-0-0
ee410	3-1-0
ee411	3-1-0
ee412	3-0-0
ee413	3-1-0
ee415	3-0-0
ee416	3-0-0
ee417	3-1-0
ee418	3-0-0
ee419	3-0-0
ee420	3-1-0
ee422	0-1-0
ee423	3-0-0
ee424	3-1-0
ee425	3-0-0
ee433	3-1-0
ee434	3-1-0
ee435	0-1-0
ee440	3-0-0
ee443	0-1-0
ee444	0-1-0
ee445	0-1-0
ee449	0-1-0
ee450	3-1-0
ee452	0-1-0
ee455	0-1-0
ee456	0-1-0
ee458	0-1-0
ee459	0-1-0
ee460	1-1-0
ee461	nonstandard
ee462	nonstandard
ee463	0-2-0
ee464	0-2-0
ee470	various
ee471	various
bmed435	0-1-0
ee475	0-1-0
ee480	0-1-0
ee493	nonstandard
ee494	nonstandard
ee495	nonstandard
ee500	nonstandard
ee502	3-1-0
ee504	3-1-0
ee509	4-0-0
ee511	4-0-0
ee513	4-0-0
ee514	4-0-0
ee515	4-0-0
ee516	3-1-0
ee518	3-1-0
ee519	4-0-0
ee520	4-0-0
ee524	3-0-0
ee525	4-0-0
ee526	4-0-0
ee527	4-0-0
ee528	3-1-0
ee529	3-1-0
ee530	nonstandard
ee533	4-0-0
ee534	3-1-0
ee541	0-2-0
ee544	0-1-0
ee563	1-0-0
ee570	various
ee571	various
ee594	nonstandard
ee595	nonstandard
ee599	nonstandard
data301	3-1-0
data401	3-0-0
data402	3-0-0
data403	0-1-0
data441	0-2-0
data442	0-2-0
data451	0-2-0
data452	0-2-0
data472	1-0-0
phys305	4-0-0
phys306	3-0-0
phys310	3-0-0
phys313	3-0-0
phys318	3-0-0
phys403	3-0-0
phys405	4-0-0
phys406	3-0-0
phys408	4-0-0
phys409	3-0-0
phys423	3-1-0
phys425	3-0-0
phys426	0-1-0
phys428	3-1-0
mu311	3-0-1
mu312	3-0-1
mu411	3-0-1
me302	3-0-0
me405	3-1-0
me415	4-0-0
math304	4-0-0
math306	4-0-0
math406	4-0-0
math410	4-0-0
math411	4-0-0
math412	4-0-0
math413	4-0-0
math451	4-0-0
math452	4-0-0
math453	4-0-0
mate340	3-1-0
ime301	3-0-1
ime303	3-1-0
ime305	3-0-1
ime319	3-0-0
ime401	2-0-0
ime435	3-0-0
ime457	2-2-0
enve331	4-0-0
econ330	4-0-0
econ337	4-0-0
chem313	4-1-0
bus311	4-0-0
bmed420	3-1-0
bmed425	3-1-0
bmed430	1-1-0
bmed440	3-1-0
bmed445	2-2-0
cpe345	3-0-1
